{
  "format_version": "1.13.0",
  "minecraft:entity": {
    "description": {
      "identifier": "origins:custom_arrow",
      "is_spawnable": false,
      "is_summonable": true,
      "is_experimental": false,
      "runtime_identifier":"minecraft:snowball"
    },
    "components": {
      "minecraft:collision_box": {
        "width": 0.25,
        "height": 0.25
      },
      "minecraft:hurt_on_condition": {
        "damage_conditions": [
          {
            "filters": {
              "test": "in_lava",
              "subject": "self",
              "operator": "==",
              "value": true
            },
            "cause": "lava",
            "damage_per_tick": 4
          }
        ]
      },
      "minecraft:projectile": {
        "on_hit": {
          "impact_damage": {
            "damage": [ 1, 4 ],
            "knockback": true,
            "semi_random_diff_damage": false,
            "destroy_on_hit": true
          },
          "stick_in_ground": {
            "shake_time" : 0.35
          },
          "arrow_effect": {
          },
          "remove_on_hit": { }
        },
        "hit_sound": "bow.hit",
        "power": 1.6,
        "gravity": 0.05,
        "uncertainty_base": 16,
        "uncertainty_multiplier": 4,
        "anchor": 1,
        "should_bounce": true,
        "offset": [ 0, -0.1, 0 ]
      },
      "minecraft:physics": {
      },
      "minecraft:pushable": {
        "is_pushable": false,
        "is_pushable_by_piston": true
      },
      "minecraft:conditional_bandwidth_optimization": {
        "default_values": {
          "max_optimized_distance": 80.0,
          "max_dropped_ticks": 10,
          "use_motion_prediction_hints": true
        }
      }
    }
  }
}