{
  "format_version": "1.17.0",
  "minecraft:entity": {
    "description": {
      "identifier": "origins:origin_base_shulk",
      "is_summonable": true,
      "is_spawnable": false,
      "is_experimental": false
    },
    "components": {
      "minecraft:type_family": {
        "family": [
          "origins",
          "ignore",
          "origin_entity",
          "low_impact_origin"
        ]
      },
      "minecraft:health": {
        "max": 20,
        "value": 20
      },
      "minecraft:damage_sensor": {
        "triggers": [
          {
            "cause": "all",
            "deals_damage": false
          }
        ]
      },
      "minecraft:custom_hit_test": {
        "hitboxes": [
          {
            "pivot": [0, 1000, 0],
            "width": 0,
            "height": 0
          }
        ]
      },
      "minecraft:tick_world": {},
      "minecraft:physics": {
        "has_collision": false,
        "has_gravity": false
      },
      "minecraft:pushable": {
        "is_pushable": false,
        "is_pushable_by_piston": false
      }
    }
  }
}