{
  "format_version": "1.10.0",
  "animation_controllers": {
    "controller.animation.is_wearing_head": {
      "states": {
        "default": {
          "transitions": [
            {
              "began_air": "!query.has_armor_slot(0)"
            },
            {
              "began_leather": "query.armor_texture_slot(0) == 0"
            },
            {
              "began_gold": "query.armor_texture_slot(0) == 4"
            },
            {
              "began_chain": "query.armor_texture_slot(0) == 1"
            },
            {
              "began_iron": "query.armor_texture_slot(0) == 2"
            },
            {
              "began_diamond": "query.armor_texture_slot(0) == 3"
            },
            {
              "began_netherite": "query.armor_texture_slot(0) == 7"
            },
            {
              "began_turtle": "query.armor_texture_slot(0) == 6"
            },
            {
              "began_unknown": "query.has_armor_slot(0)"
            }
          ]
        },
        "began_air": {
          "transitions": [
            {
              "is_air": "1"
            }
          ],
          "on_entry": [
            "/scoreboard players set @s od:head 0"
          ],
          "on_exit": [
            "/scoreboard players set @s odw:head 0"
          ]
        },
        "is_air": {
          "transitions": [
            {
              "began_leather": "query.armor_texture_slot(0) == 0"
            },
            {
              "began_gold": "query.armor_texture_slot(0) == 4"
            },
            {
              "began_chain": "query.armor_texture_slot(0) == 1"
            },
            {
              "began_iron": "query.armor_texture_slot(0) == 2"
            },
            {
              "began_diamond": "query.armor_texture_slot(0) == 3"
            },
            {
              "began_netherite": "query.armor_texture_slot(0) == 7"
            },
            {
              "began_turtle": "query.armor_texture_slot(0) == 6"
            },
            {
              "began_unknown": "query.has_armor_slot(0)"
            }
          ]
        },
        "began_leather": {
          "transitions": [
            {
              "is_leather": "1"
            }
          ],
          "on_entry": [
            "/scoreboard players set @s od:head 1"
          ],
          "on_exit": [
            "/scoreboard players set @s odw:head 1"
          ]
        },
        "is_leather": {
          "transitions": [
            {
              "began_air": "!query.has_armor_slot(0)"
            },
            {
              "began_gold": "query.armor_texture_slot(0) == 4"
            },
            {
              "began_chain": "query.armor_texture_slot(0) == 1"
            },
            {
              "began_iron": "query.armor_texture_slot(0) == 2"
            },
            {
              "began_diamond": "query.armor_texture_slot(0) == 3"
            },
            {
              "began_netherite": "query.armor_texture_slot(0) == 7"
            },
            {
              "began_turtle": "query.armor_texture_slot(0) == 6"
            },
            {
              "began_unknown": "query.has_armor_slot(0)&&query.armor_texture_slot(0)!=0"
            }
          ]
        },
        "began_gold": {
          "transitions": [
            {
              "is_gold": "1"
            }
          ],
          "on_entry": [
            "/scoreboard players set @s od:head 2"
          ],
          "on_exit": [
            "/scoreboard players set @s odw:head 2"
          ]
        },
        "is_gold": {
          "transitions": [
            {
              "began_air": "!query.has_armor_slot(0)"
            },
            {
              "began_leather": "query.armor_texture_slot(0) == 0"
            },
            {
              "began_chain": "query.armor_texture_slot(0) == 1"
            },
            {
              "began_iron": "query.armor_texture_slot(0) == 2"
            },
            {
              "began_diamond": "query.armor_texture_slot(0) == 3"
            },
            {
              "began_netherite": "query.armor_texture_slot(0) == 7"
            },
            {
              "began_turtle": "query.armor_texture_slot(0) == 6"
            },
            {
              "began_unknown": "query.has_armor_slot(0)&&query.armor_texture_slot(0)!=4"
            }
          ]
        },
        "began_chain": {
          "transitions": [
            {
              "is_chain": "1"
            }
          ],
          "on_entry": [
            "/scoreboard players set @s od:head 3"
          ],
          "on_exit": [
            "/scoreboard players set @s odw:head 3"
          ]
        },
        "is_chain": {
          "transitions": [
            {
              "began_air": "!query.has_armor_slot(0)"
            },
            {
              "began_leather": "query.armor_texture_slot(0) == 0"
            },
            {
              "began_gold": "query.armor_texture_slot(0) == 4"
            },
            {
              "began_iron": "query.armor_texture_slot(0) == 2"
            },
            {
              "began_diamond": "query.armor_texture_slot(0) == 3"
            },
            {
              "began_netherite": "query.armor_texture_slot(0) == 7"
            },
            {
              "began_turtle": "query.armor_texture_slot(0) == 6"
            },
            {
              "began_unknown": "query.has_armor_slot(0)&&query.armor_texture_slot(0)!=1"
            }
          ]
        },
        "began_iron": {
          "transitions": [
            {
              "is_iron": "1"
            }
          ],
          "on_entry": [
            "/scoreboard players set @s od:head 4"
          ],
          "on_exit": [
            "/scoreboard players set @s odw:head 4"
          ]
        },
        "is_iron": {
          "transitions": [
            {
              "began_air": "!query.has_armor_slot(0)"
            },
            {
              "began_leather": "query.armor_texture_slot(0) == 0"
            },
            {
              "began_gold": "query.armor_texture_slot(0) == 4"
            },
            {
              "began_chain": "query.armor_texture_slot(0) == 1"
            },
            {
              "began_diamond": "query.armor_texture_slot(0) == 3"
            },
            {
              "began_netherite": "query.armor_texture_slot(0) == 7"
            },
            {
              "began_turtle": "query.armor_texture_slot(0) == 6"
            },
            {
              "began_unknown": "query.has_armor_slot(0)&&query.armor_texture_slot(0)!=2"
            }
          ]
        },
        "began_diamond": {
          "transitions": [
            {
              "is_diamond": "1"
            }
          ],
          "on_entry": [
            "/scoreboard players set @s od:head 5"
          ],
          "on_exit": [
            "/scoreboard players set @s odw:head 5"
          ]
        },
        "is_diamond": {
          "transitions": [
            {
              "began_air": "!query.has_armor_slot(0)"
            },
            {
              "began_leather": "query.armor_texture_slot(0) == 0"
            },
            {
              "began_gold": "query.armor_texture_slot(0) == 4"
            },
            {
              "began_chain": "query.armor_texture_slot(0) == 1"
            },
            {
              "began_iron": "query.armor_texture_slot(0) == 2"
            },
            {
              "began_netherite": "query.armor_texture_slot(0) == 7"
            },
            {
              "began_turtle": "query.armor_texture_slot(0) == 6"
            },
            {
              "began_unknown": "query.has_armor_slot(0)&&query.armor_texture_slot(0)!=3"
            }
          ]
        },
        "began_netherite": {
          "transitions": [
            {
              "is_netherite": "1"
            }
          ],
          "on_entry": [
            "/scoreboard players set @s od:head 6"
          ],
          "on_exit": [
            "/scoreboard players set @s odw:head 6"
          ]
        },
        "is_netherite": {
          "transitions": [
            {
              "began_air": "!query.has_armor_slot(0)"
            },
            {
              "began_leather": "query.armor_texture_slot(0) == 0"
            },
            {
              "began_gold": "query.armor_texture_slot(0) == 4"
            },
            {
              "began_chain": "query.armor_texture_slot(0) == 1"
            },
            {
              "began_iron": "query.armor_texture_slot(0) == 2"
            },
            {
              "began_diamond": "query.armor_texture_slot(0) == 3"
            },
            {
              "began_turtle": "query.armor_texture_slot(0) == 6"
            },
            {
              "began_unknown": "query.has_armor_slot(0)&&query.armor_texture_slot(0)!=7"
            }
          ]
        },
        "began_turtle": {
          "transitions": [
            {
              "is_turtle": "1"
            }
          ],
          "on_entry": [
            "/scoreboard players set @s od:head 7"
          ],
          "on_exit": [
            "/scoreboard players set @s odw:head 7"
          ]
        },
        "is_turtle": {
          "transitions": [
            {
              "began_air": "!query.has_armor_slot(0)"
            },
            {
              "began_leather": "query.armor_texture_slot(0) == 0"
            },
            {
              "began_gold": "query.armor_texture_slot(0) == 4"
            },
            {
              "began_chain": "query.armor_texture_slot(0) == 1"
            },
            {
              "began_iron": "query.armor_texture_slot(0) == 2"
            },
            {
              "began_diamond": "query.armor_texture_slot(0) == 3"
            },
            {
              "began_netherite": "query.armor_texture_slot(0) == 7"
            },
            {
              "began_unknown": "query.has_armor_slot(0)&&query.armor_texture_slot(0)!=6"
            }
          ]
        },
        "began_unknown": {
          "transitions": [
            {
              "is_unknown": "1"
            }
          ],
          "on_entry": [
            "/scoreboard players set @s od:head -1"
          ],
          "on_exit": [
            "/scoreboard players set @s odw:head -1"
          ]
        },
        "is_unknown": {
          "transitions": [
            {
              "began_air": "!query.has_armor_slot(0)"
            },
            {
              "began_leather": "query.armor_texture_slot(0) == 0"
            },
            {
              "began_gold": "query.armor_texture_slot(0) == 4"
            },
            {
              "began_chain": "query.armor_texture_slot(0) == 1"
            },
            {
              "began_iron": "query.armor_texture_slot(0) == 2"
            },
            {
              "began_diamond": "query.armor_texture_slot(0) == 3"
            },
            {
              "began_netherite": "query.armor_texture_slot(0) == 7"
            },
            {
              "began_turtle": "query.armor_texture_slot(0) == 6"
            }
          ]
        }
      }
    },
    "controller.animation.is_wearing_chest": {
      "states": {
        "default": {
          "transitions": [
            {
              "began_air": "!query.has_armor_slot(1)"
            },
            {
              "began_leather": "query.armor_texture_slot(1) == 0"
            },
            {
              "began_gold": "query.armor_texture_slot(1) == 4"
            },
            {
              "began_chain": "query.armor_texture_slot(1) == 1"
            },
            {
              "began_iron": "query.armor_texture_slot(1) == 2"
            },
            {
              "began_diamond": "query.armor_texture_slot(1) == 3"
            },
            {
              "began_netherite": "query.armor_texture_slot(1) == 7"
            },
            {
              "began_elytra": "query.armor_texture_slot(1) == 5"
            },
            {
              "began_unknown": "query.has_armor_slot(1)"
            }
          ]
        },
        "began_air": {
          "transitions": [
            {
              "is_air": "1"
            }
          ],
          "on_entry": [
            "/scoreboard players set @s od:chest 0"
          ],
          "on_exit": [
            "/scoreboard players set @s odw:chest 0"
          ]
        },
        "is_air": {
          "transitions": [
            {
              "began_leather": "query.armor_texture_slot(1) == 0"
            },
            {
              "began_gold": "query.armor_texture_slot(1) == 4"
            },
            {
              "began_chain": "query.armor_texture_slot(1) == 1"
            },
            {
              "began_iron": "query.armor_texture_slot(1) == 2"
            },
            {
              "began_diamond": "query.armor_texture_slot(1) == 3"
            },
            {
              "began_netherite": "query.armor_texture_slot(1) == 7"
            },
            {
              "began_elytra": "query.armor_texture_slot(1) == 5"
            },
            {
              "began_unknown": "query.has_armor_slot(1)"
            }
          ]
        },
        "began_leather": {
          "transitions": [
            {
              "is_leather": "1"
            }
          ],
          "on_entry": [
            "/scoreboard players set @s od:chest 1"
          ],
          "on_exit": [
            "/scoreboard players set @s odw:chest 1"
          ]
        },
        "is_leather": {
          "transitions": [
            {
              "began_air": "!query.has_armor_slot(1)"
            },
            {
              "began_gold": "query.armor_texture_slot(1) == 4"
            },
            {
              "began_chain": "query.armor_texture_slot(1) == 1"
            },
            {
              "began_iron": "query.armor_texture_slot(1) == 2"
            },
            {
              "began_diamond": "query.armor_texture_slot(1) == 3"
            },
            {
              "began_netherite": "query.armor_texture_slot(1) == 7"
            },
            {
              "began_elytra": "query.armor_texture_slot(1) == 5"
            },
            {
              "began_unknown": "query.has_armor_slot(1)&&query.armor_texture_slot(1)!=0"
            }
          ]
        },
        "began_gold": {
          "transitions": [
            {
              "is_gold": "1"
            }
          ],
          "on_entry": [
            "/scoreboard players set @s od:chest 2"
          ],
          "on_exit": [
            "/scoreboard players set @s odw:chest 2"
          ]
        },
        "is_gold": {
          "transitions": [
            {
              "began_air": "!query.has_armor_slot(1)"
            },
            {
              "began_leather": "query.armor_texture_slot(1) == 0"
            },
            {
              "began_chain": "query.armor_texture_slot(1) == 1"
            },
            {
              "began_iron": "query.armor_texture_slot(1) == 2"
            },
            {
              "began_diamond": "query.armor_texture_slot(1) == 3"
            },
            {
              "began_netherite": "query.armor_texture_slot(1) == 7"
            },
            {
              "began_elytra": "query.armor_texture_slot(1) == 5"
            },
            {
              "began_unknown": "query.has_armor_slot(1)&&query.armor_texture_slot(1)!=4"
            }
          ]
        },
        "began_chain": {
          "transitions": [
            {
              "is_chain": "1"
            }
          ],
          "on_entry": [
            "/scoreboard players set @s od:chest 3"
          ],
          "on_exit": [
            "/scoreboard players set @s odw:chest 3"
          ]
        },
        "is_chain": {
          "transitions": [
            {
              "began_air": "!query.has_armor_slot(1)"
            },
            {
              "began_leather": "query.armor_texture_slot(1) == 0"
            },
            {
              "began_gold": "query.armor_texture_slot(1) == 4"
            },
            {
              "began_iron": "query.armor_texture_slot(1) == 2"
            },
            {
              "began_diamond": "query.armor_texture_slot(1) == 3"
            },
            {
              "began_netherite": "query.armor_texture_slot(1) == 7"
            },
            {
              "began_elytra": "query.armor_texture_slot(1) == 5"
            },
            {
              "began_unknown": "query.has_armor_slot(1)&&query.armor_texture_slot(1)!=1"
            }
          ]
        },
        "began_iron": {
          "transitions": [
            {
              "is_iron": "1"
            }
          ],
          "on_entry": [
            "/scoreboard players set @s od:chest 4"
          ],
          "on_exit": [
            "/scoreboard players set @s odw:chest 4"
          ]
        },
        "is_iron": {
          "transitions": [
            {
              "began_air": "!query.has_armor_slot(1)"
            },
            {
              "began_leather": "query.armor_texture_slot(1) == 0"
            },
            {
              "began_gold": "query.armor_texture_slot(1) == 4"
            },
            {
              "began_chain": "query.armor_texture_slot(1) == 1"
            },
            {
              "began_diamond": "query.armor_texture_slot(1) == 3"
            },
            {
              "began_netherite": "query.armor_texture_slot(1) == 7"
            },
            {
              "began_elytra": "query.armor_texture_slot(1) == 5"
            },
            {
              "began_unknown": "query.has_armor_slot(1)&&query.armor_texture_slot(1)!=2"
            }
          ]
        },
        "began_diamond": {
          "transitions": [
            {
              "is_diamond": "1"
            }
          ],
          "on_entry": [
            "/scoreboard players set @s od:chest 5"
          ],
          "on_exit": [
            "/scoreboard players set @s odw:chest 5"
          ]
        },
        "is_diamond": {
          "transitions": [
            {
              "began_air": "!query.has_armor_slot(1)"
            },
            {
              "began_leather": "query.armor_texture_slot(1) == 0"
            },
            {
              "began_gold": "query.armor_texture_slot(1) == 4"
            },
            {
              "began_chain": "query.armor_texture_slot(1) == 1"
            },
            {
              "began_iron": "query.armor_texture_slot(1) == 2"
            },
            {
              "began_netherite": "query.armor_texture_slot(1) == 7"
            },
            {
              "began_elytra": "query.armor_texture_slot(1) == 5"
            },
            {
              "began_unknown": "query.has_armor_slot(1)&&query.armor_texture_slot(1)!=3"
            }
          ]
        },
        "began_netherite": {
          "transitions": [
            {
              "is_netherite": "1"
            }
          ],
          "on_entry": [
            "/scoreboard players set @s od:chest 6"
          ],
          "on_exit": [
            "/scoreboard players set @s odw:chest 6"
          ]
        },
        "is_netherite": {
          "transitions": [
            {
              "began_air": "!query.has_armor_slot(1)"
            },
            {
              "began_leather": "query.armor_texture_slot(1) == 0"
            },
            {
              "began_gold": "query.armor_texture_slot(1) == 4"
            },
            {
              "began_chain": "query.armor_texture_slot(1) == 1"
            },
            {
              "began_iron": "query.armor_texture_slot(1) == 2"
            },
            {
              "began_diamond": "query.armor_texture_slot(1) == 3"
            },
            {
              "began_elytra": "query.armor_texture_slot(1) == 5"
            },
            {
              "began_unknown": "query.has_armor_slot(1)&&query.armor_texture_slot(1)!=7"
            }
          ]
        },
        "began_elytra": {
          "transitions": [
            {
              "is_elytra": "1"
            }
          ],
          "on_entry": [
            "/scoreboard players set @s od:chest 7"
          ],
          "on_exit": [
            "/scoreboard players set @s odw:chest 7"
          ]
        },
        "is_elytra": {
          "transitions": [
            {
              "began_air": "!query.has_armor_slot(1)"
            },
            {
              "began_leather": "query.armor_texture_slot(1) == 0"
            },
            {
              "began_gold": "query.armor_texture_slot(1) == 4"
            },
            {
              "began_chain": "query.armor_texture_slot(1) == 1"
            },
            {
              "began_iron": "query.armor_texture_slot(1) == 2"
            },
            {
              "began_diamond": "query.armor_texture_slot(1) == 3"
            },
            {
              "began_netherite": "query.armor_texture_slot(1) == 7"
            },
            {
              "began_unknown": "query.has_armor_slot(1)&&query.armor_texture_slot(1)!=5"
            }
          ]
        },
        "began_unknown": {
          "transitions": [
            {
              "is_unknown": "1"
            }
          ],
          "on_entry": [
            "/scoreboard players set @s od:chest -1"
          ],
          "on_exit": [
            "/scoreboard players set @s odw:chest -1"
          ]
        },
        "is_unknown": {
          "transitions": [
            {
              "began_air": "!query.has_armor_slot(1)"
            },
            {
              "began_leather": "query.armor_texture_slot(1) == 0"
            },
            {
              "began_gold": "query.armor_texture_slot(1) == 4"
            },
            {
              "began_chain": "query.armor_texture_slot(1) == 1"
            },
            {
              "began_iron": "query.armor_texture_slot(1) == 2"
            },
            {
              "began_diamond": "query.armor_texture_slot(1) == 3"
            },
            {
              "began_netherite": "query.armor_texture_slot(1) == 7"
            },
            {
              "began_elytra": "query.armor_texture_slot(1) == 5"
            }
          ]
        }
      }
    },
    "controller.animation.is_wearing_legs": {
      "states": {
        "default": {
          "transitions": [
            {
              "began_air": "!query.has_armor_slot(2)"
            },
            {
              "began_leather": "query.armor_texture_slot(2) == 0"
            },
            {
              "began_gold": "query.armor_texture_slot(2) == 4"
            },
            {
              "began_chain": "query.armor_texture_slot(2) == 1"
            },
            {
              "began_iron": "query.armor_texture_slot(2) == 2"
            },
            {
              "began_diamond": "query.armor_texture_slot(2) == 3"
            },
            {
              "began_netherite": "query.armor_texture_slot(2) == 7"
            },
            {
              "began_unknown": "query.has_armor_slot(2)"
            }
          ]
        },
        "began_air": {
          "transitions": [
            {
              "is_air": "1"
            }
          ],
          "on_entry": [
            "/scoreboard players set @s od:legs 0"
          ],
          "on_exit": [
            "/scoreboard players set @s odw:legs 0"
          ]
        },
        "is_air": {
          "transitions": [
            {
              "began_leather": "query.armor_texture_slot(2) == 0"
            },
            {
              "began_gold": "query.armor_texture_slot(2) == 4"
            },
            {
              "began_chain": "query.armor_texture_slot(2) == 1"
            },
            {
              "began_iron": "query.armor_texture_slot(2) == 2"
            },
            {
              "began_diamond": "query.armor_texture_slot(2) == 3"
            },
            {
              "began_netherite": "query.armor_texture_slot(2) == 7"
            },
            {
              "began_unknown": "query.has_armor_slot(2)"
            }
          ]
        },
        "began_leather": {
          "transitions": [
            {
              "is_leather": "1"
            }
          ],
          "on_entry": [
            "/scoreboard players set @s od:legs 1"
          ],
          "on_exit": [
            "/scoreboard players set @s odw:legs 1"
          ]
        },
        "is_leather": {
          "transitions": [
            {
              "began_air": "!query.has_armor_slot(2)"
            },
            {
              "began_gold": "query.armor_texture_slot(2) == 4"
            },
            {
              "began_chain": "query.armor_texture_slot(2) == 1"
            },
            {
              "began_iron": "query.armor_texture_slot(2) == 2"
            },
            {
              "began_diamond": "query.armor_texture_slot(2) == 3"
            },
            {
              "began_netherite": "query.armor_texture_slot(2) == 7"
            },
            {
              "began_unknown": "query.has_armor_slot(2)&&query.armor_texture_slot(2)!=0"
            }
          ]
        },
        "began_gold": {
          "transitions": [
            {
              "is_gold": "1"
            }
          ],
          "on_entry": [
            "/scoreboard players set @s od:legs 2"
          ],
          "on_exit": [
            "/scoreboard players set @s odw:legs 2"
          ]
        },
        "is_gold": {
          "transitions": [
            {
              "began_air": "!query.has_armor_slot(2)"
            },
            {
              "began_leather": "query.armor_texture_slot(2) == 0"
            },
            {
              "began_chain": "query.armor_texture_slot(2) == 1"
            },
            {
              "began_iron": "query.armor_texture_slot(2) == 2"
            },
            {
              "began_diamond": "query.armor_texture_slot(2) == 3"
            },
            {
              "began_netherite": "query.armor_texture_slot(2) == 7"
            },
            {
              "began_unknown": "query.has_armor_slot(2)&&query.armor_texture_slot(2)!=4"
            }
          ]
        },
        "began_chain": {
          "transitions": [
            {
              "is_chain": "1"
            }
          ],
          "on_entry": [
            "/scoreboard players set @s od:legs 3"
          ],
          "on_exit": [
            "/scoreboard players set @s odw:legs 3"
          ]
        },
        "is_chain": {
          "transitions": [
            {
              "began_air": "!query.has_armor_slot(2)"
            },
            {
              "began_leather": "query.armor_texture_slot(2) == 0"
            },
            {
              "began_gold": "query.armor_texture_slot(2) == 4"
            },
            {
              "began_iron": "query.armor_texture_slot(2) == 2"
            },
            {
              "began_diamond": "query.armor_texture_slot(2) == 3"
            },
            {
              "began_netherite": "query.armor_texture_slot(2) == 7"
            },
            {
              "began_unknown": "query.has_armor_slot(2)&&query.armor_texture_slot(2)!=1"
            }
          ]
        },
        "began_iron": {
          "transitions": [
            {
              "is_iron": "1"
            }
          ],
          "on_entry": [
            "/scoreboard players set @s od:legs 4"
          ],
          "on_exit": [
            "/scoreboard players set @s odw:legs 4"
          ]
        },
        "is_iron": {
          "transitions": [
            {
              "began_air": "!query.has_armor_slot(2)"
            },
            {
              "began_leather": "query.armor_texture_slot(2) == 0"
            },
            {
              "began_gold": "query.armor_texture_slot(2) == 4"
            },
            {
              "began_chain": "query.armor_texture_slot(2) == 1"
            },
            {
              "began_diamond": "query.armor_texture_slot(2) == 3"
            },
            {
              "began_netherite": "query.armor_texture_slot(2) == 7"
            },
            {
              "began_unknown": "query.has_armor_slot(2)&&query.armor_texture_slot(2)!=2"
            }
          ]
        },
        "began_diamond": {
          "transitions": [
            {
              "is_diamond": "1"
            }
          ],
          "on_entry": [
            "/scoreboard players set @s od:legs 5"
          ],
          "on_exit": [
            "/scoreboard players set @s odw:legs 5"
          ]
        },
        "is_diamond": {
          "transitions": [
            {
              "began_air": "!query.has_armor_slot(2)"
            },
            {
              "began_leather": "query.armor_texture_slot(2) == 0"
            },
            {
              "began_gold": "query.armor_texture_slot(2) == 4"
            },
            {
              "began_chain": "query.armor_texture_slot(2) == 1"
            },
            {
              "began_iron": "query.armor_texture_slot(2) == 2"
            },
            {
              "began_netherite": "query.armor_texture_slot(2) == 7"
            },
            {
              "began_unknown": "query.has_armor_slot(2)&&query.armor_texture_slot(2)!=3"
            }
          ]
        },
        "began_netherite": {
          "transitions": [
            {
              "is_netherite": "1"
            }
          ],
          "on_entry": [
            "/scoreboard players set @s od:legs 6"
          ],
          "on_exit": [
            "/scoreboard players set @s odw:legs 6"
          ]
        },
        "is_netherite": {
          "transitions": [
            {
              "began_air": "!query.has_armor_slot(2)"
            },
            {
              "began_leather": "query.armor_texture_slot(2) == 0"
            },
            {
              "began_gold": "query.armor_texture_slot(2) == 4"
            },
            {
              "began_chain": "query.armor_texture_slot(2) == 1"
            },
            {
              "began_iron": "query.armor_texture_slot(2) == 2"
            },
            {
              "began_diamond": "query.armor_texture_slot(2) == 3"
            },
            {
              "began_unknown": "query.has_armor_slot(2)&&query.armor_texture_slot(2)!=7"
            }
          ]
        },
        "began_unknown": {
          "transitions": [
            {
              "is_unknown": "1"
            }
          ],
          "on_entry": [
            "/scoreboard players set @s od:legs -1"
          ],
          "on_exit": [
            "/scoreboard players set @s odw:legs -1"
          ]
        },
        "is_unknown": {
          "transitions": [
            {
              "began_air": "!query.has_armor_slot(2)"
            },
            {
              "began_leather": "query.armor_texture_slot(2) == 0"
            },
            {
              "began_gold": "query.armor_texture_slot(2) == 4"
            },
            {
              "began_chain": "query.armor_texture_slot(2) == 1"
            },
            {
              "began_iron": "query.armor_texture_slot(2) == 2"
            },
            {
              "began_diamond": "query.armor_texture_slot(2) == 3"
            },
            {
              "began_netherite": "query.armor_texture_slot(2) == 7"
            }
          ]
        }
      }
    },
    "controller.animation.is_wearing_feet": {
      "states": {
        "default": {
          "transitions": [
            {
              "began_air": "!query.has_armor_slot(3)"
            },
            {
              "began_leather": "query.armor_texture_slot(3) == 0"
            },
            {
              "began_gold": "query.armor_texture_slot(3) == 4"
            },
            {
              "began_chain": "query.armor_texture_slot(3) == 1"
            },
            {
              "began_iron": "query.armor_texture_slot(3) == 2"
            },
            {
              "began_diamond": "query.armor_texture_slot(3) == 3"
            },
            {
              "began_netherite": "query.armor_texture_slot(3) == 7"
            },
            {
              "began_unknown": "query.has_armor_slot(3)"
            }
          ]
        },
        "began_air": {
          "transitions": [
            {
              "is_air": "1"
            }
          ],
          "on_entry": [
            "/scoreboard players set @s od:feet 0"
          ],
          "on_exit": [
            "/scoreboard players set @s odw:feet 0"
          ]
        },
        "is_air": {
          "transitions": [
            {
              "began_leather": "query.armor_texture_slot(3) == 0"
            },
            {
              "began_gold": "query.armor_texture_slot(3) == 4"
            },
            {
              "began_chain": "query.armor_texture_slot(3) == 1"
            },
            {
              "began_iron": "query.armor_texture_slot(3) == 2"
            },
            {
              "began_diamond": "query.armor_texture_slot(3) == 3"
            },
            {
              "began_netherite": "query.armor_texture_slot(3) == 7"
            },
            {
              "began_unknown": "query.has_armor_slot(3)"
            }
          ]
        },
        "began_leather": {
          "transitions": [
            {
              "is_leather": "1"
            }
          ],
          "on_entry": [
            "/scoreboard players set @s od:feet 1"
          ],
          "on_exit": [
            "/scoreboard players set @s odw:feet 1"
          ]
        },
        "is_leather": {
          "transitions": [
            {
              "began_air": "!query.has_armor_slot(3)"
            },
            {
              "began_gold": "query.armor_texture_slot(3) == 4"
            },
            {
              "began_chain": "query.armor_texture_slot(3) == 1"
            },
            {
              "began_iron": "query.armor_texture_slot(3) == 2"
            },
            {
              "began_diamond": "query.armor_texture_slot(3) == 3"
            },
            {
              "began_netherite": "query.armor_texture_slot(3) == 7"
            },
            {
              "began_unknown": "query.has_armor_slot(3)&&query.armor_texture_slot(3)!=0"
            }
          ]
        },
        "began_gold": {
          "transitions": [
            {
              "is_gold": "1"
            }
          ],
          "on_entry": [
            "/scoreboard players set @s od:feet 2"
          ],
          "on_exit": [
            "/scoreboard players set @s odw:feet 2"
          ]
        },
        "is_gold": {
          "transitions": [
            {
              "began_air": "!query.has_armor_slot(3)"
            },
            {
              "began_leather": "query.armor_texture_slot(3) == 0"
            },
            {
              "began_chain": "query.armor_texture_slot(3) == 1"
            },
            {
              "began_iron": "query.armor_texture_slot(3) == 2"
            },
            {
              "began_diamond": "query.armor_texture_slot(3) == 3"
            },
            {
              "began_netherite": "query.armor_texture_slot(3) == 7"
            },
            {
              "began_unknown": "query.has_armor_slot(3)&&query.armor_texture_slot(3)!=4"
            }
          ]
        },
        "began_chain": {
          "transitions": [
            {
              "is_chain": "1"
            }
          ],
          "on_entry": [
            "/scoreboard players set @s od:feet 3"
          ],
          "on_exit": [
            "/scoreboard players set @s odw:feet 3"
          ]
        },
        "is_chain": {
          "transitions": [
            {
              "began_air": "!query.has_armor_slot(3)"
            },
            {
              "began_leather": "query.armor_texture_slot(3) == 0"
            },
            {
              "began_gold": "query.armor_texture_slot(3) == 4"
            },
            {
              "began_iron": "query.armor_texture_slot(3) == 2"
            },
            {
              "began_diamond": "query.armor_texture_slot(3) == 3"
            },
            {
              "began_netherite": "query.armor_texture_slot(3) == 7"
            },
            {
              "began_unknown": "query.has_armor_slot(3)&&query.armor_texture_slot(3)!=1"
            }
          ]
        },
        "began_iron": {
          "transitions": [
            {
              "is_iron": "1"
            }
          ],
          "on_entry": [
            "/scoreboard players set @s od:feet 4"
          ],
          "on_exit": [
            "/scoreboard players set @s odw:feet 4"
          ]
        },
        "is_iron": {
          "transitions": [
            {
              "began_air": "!query.has_armor_slot(3)"
            },
            {
              "began_leather": "query.armor_texture_slot(3) == 0"
            },
            {
              "began_gold": "query.armor_texture_slot(3) == 4"
            },
            {
              "began_chain": "query.armor_texture_slot(3) == 1"
            },
            {
              "began_diamond": "query.armor_texture_slot(3) == 3"
            },
            {
              "began_netherite": "query.armor_texture_slot(3) == 7"
            },
            {
              "began_unknown": "query.has_armor_slot(3)&&query.armor_texture_slot(3)!=2"
            }
          ]
        },
        "began_diamond": {
          "transitions": [
            {
              "is_diamond": "1"
            }
          ],
          "on_entry": [
            "/scoreboard players set @s od:feet 5"
          ],
          "on_exit": [
            "/scoreboard players set @s odw:feet 5"
          ]
        },
        "is_diamond": {
          "transitions": [
            {
              "began_air": "!query.has_armor_slot(3)"
            },
            {
              "began_leather": "query.armor_texture_slot(3) == 0"
            },
            {
              "began_gold": "query.armor_texture_slot(3) == 4"
            },
            {
              "began_chain": "query.armor_texture_slot(3) == 1"
            },
            {
              "began_iron": "query.armor_texture_slot(3) == 2"
            },
            {
              "began_netherite": "query.armor_texture_slot(3) == 7"
            },
            {
              "began_unknown": "query.has_armor_slot(3)&&query.armor_texture_slot(3)!=3"
            }
          ]
        },
        "began_netherite": {
          "transitions": [
            {
              "is_netherite": "1"
            }
          ],
          "on_entry": [
            "/scoreboard players set @s od:feet 6"
          ],
          "on_exit": [
            "/scoreboard players set @s odw:feet 6"
          ]
        },
        "is_netherite": {
          "transitions": [
            {
              "began_air": "!query.has_armor_slot(3)"
            },
            {
              "began_leather": "query.armor_texture_slot(3) == 0"
            },
            {
              "began_gold": "query.armor_texture_slot(3) == 4"
            },
            {
              "began_chain": "query.armor_texture_slot(3) == 1"
            },
            {
              "began_iron": "query.armor_texture_slot(3) == 2"
            },
            {
              "began_diamond": "query.armor_texture_slot(3) == 3"
            },
            {
              "began_unknown": "query.has_armor_slot(3)&&query.armor_texture_slot(3)!=7"
            }
          ]
        },
        "began_unknown": {
          "transitions": [
            {
              "is_unknown": "1"
            }
          ],
          "on_entry": [
            "/scoreboard players set @s od:feet -1"
          ],
          "on_exit": [
            "/scoreboard players set @s odw:feet -1"
          ]
        },
        "is_unknown": {
          "transitions": [
            {
              "began_air": "!query.has_armor_slot(3)"
            },
            {
              "began_leather": "query.armor_texture_slot(3) == 0"
            },
            {
              "began_gold": "query.armor_texture_slot(3) == 4"
            },
            {
              "began_chain": "query.armor_texture_slot(3) == 1"
            },
            {
              "began_iron": "query.armor_texture_slot(3) == 2"
            },
            {
              "began_diamond": "query.armor_texture_slot(3) == 3"
            },
            {
              "began_netherite": "query.armor_texture_slot(3) == 7"
            }
          ]
        }
      }
    }
  }
}