{
  "format_version": "1.17.0",
  "minecraft:entity": {
    "description": {
      "identifier": "origins:explosion",
      "is_summonable": true,
      "is_spawnable": false,
      "is_experimental": false
    },
    "component_groups": {
      "origins:explosion_p1_b0_f0":{"minecraft:explode":{"power":1,"breaks_blocks":false,"destroy_affected_by_griefing":false,"causes_fire":false,"fire_affected_by_griefing":false,"fuse_length":-1.0,"fuse_lit":true}},
      "origins:explosion_p1_b0_f1":{"minecraft:explode":{"power":1,"breaks_blocks":false,"destroy_affected_by_griefing":false,"causes_fire":true,"fire_affected_by_griefing":false,"fuse_length":-1.0,"fuse_lit":true}},
      "origins:explosion_p1_b0_f2":{"minecraft:explode":{"power":1,"breaks_blocks":false,"destroy_affected_by_griefing":false,"causes_fire":true,"fire_affected_by_griefing":true,"fuse_length":-1.0,"fuse_lit":true}},
      "origins:explosion_p1_b1_f0":{"minecraft:explode":{"power":1,"breaks_blocks":true,"destroy_affected_by_griefing":false,"causes_fire":false,"fire_affected_by_griefing":false,"fuse_length":-1.0,"fuse_lit":true}},
      "origins:explosion_p1_b1_f1":{"minecraft:explode":{"power":1,"breaks_blocks":true,"destroy_affected_by_griefing":false,"causes_fire":true,"fire_affected_by_griefing":false,"fuse_length":-1.0,"fuse_lit":true}},
      "origins:explosion_p1_b1_f2":{"minecraft:explode":{"power":1,"breaks_blocks":true,"destroy_affected_by_griefing":false,"causes_fire":true,"fire_affected_by_griefing":true,"fuse_length":-1.0,"fuse_lit":true}},
      "origins:explosion_p1_b2_f0":{"minecraft:explode":{"power":1,"breaks_blocks":true,"destroy_affected_by_griefing":true,"causes_fire":false,"fire_affected_by_griefing":false,"fuse_length":-1.0,"fuse_lit":true}},
      "origins:explosion_p1_b2_f1":{"minecraft:explode":{"power":1,"breaks_blocks":true,"destroy_affected_by_griefing":true,"causes_fire":true,"fire_affected_by_griefing":false,"fuse_length":-1.0,"fuse_lit":true}},
      "origins:explosion_p1_b2_f2":{"minecraft:explode":{"power":1,"breaks_blocks":true,"destroy_affected_by_griefing":true,"causes_fire":true,"fire_affected_by_griefing":true,"fuse_length":-1.0,"fuse_lit":true}},
      "origins:explosion_p2_b0_f0":{"minecraft:explode":{"power":2,"breaks_blocks":false,"destroy_affected_by_griefing":false,"causes_fire":false,"fire_affected_by_griefing":false,"fuse_length":-1.0,"fuse_lit":true}},
      "origins:explosion_p2_b0_f1":{"minecraft:explode":{"power":2,"breaks_blocks":false,"destroy_affected_by_griefing":false,"causes_fire":true,"fire_affected_by_griefing":false,"fuse_length":-1.0,"fuse_lit":true}},
      "origins:explosion_p2_b0_f2":{"minecraft:explode":{"power":2,"breaks_blocks":false,"destroy_affected_by_griefing":false,"causes_fire":true,"fire_affected_by_griefing":true,"fuse_length":-1.0,"fuse_lit":true}},
      "origins:explosion_p2_b1_f0":{"minecraft:explode":{"power":2,"breaks_blocks":true,"destroy_affected_by_griefing":false,"causes_fire":false,"fire_affected_by_griefing":false,"fuse_length":-1.0,"fuse_lit":true}},
      "origins:explosion_p2_b1_f1":{"minecraft:explode":{"power":2,"breaks_blocks":true,"destroy_affected_by_griefing":false,"causes_fire":true,"fire_affected_by_griefing":false,"fuse_length":-1.0,"fuse_lit":true}},
      "origins:explosion_p2_b1_f2":{"minecraft:explode":{"power":2,"breaks_blocks":true,"destroy_affected_by_griefing":false,"causes_fire":true,"fire_affected_by_griefing":true,"fuse_length":-1.0,"fuse_lit":true}},
      "origins:explosion_p2_b2_f0":{"minecraft:explode":{"power":2,"breaks_blocks":true,"destroy_affected_by_griefing":true,"causes_fire":false,"fire_affected_by_griefing":false,"fuse_length":-1.0,"fuse_lit":true}},
      "origins:explosion_p2_b2_f1":{"minecraft:explode":{"power":2,"breaks_blocks":true,"destroy_affected_by_griefing":true,"causes_fire":true,"fire_affected_by_griefing":false,"fuse_length":-1.0,"fuse_lit":true}},
      "origins:explosion_p2_b2_f2":{"minecraft:explode":{"power":2,"breaks_blocks":true,"destroy_affected_by_griefing":true,"causes_fire":true,"fire_affected_by_griefing":true,"fuse_length":-1.0,"fuse_lit":true}},
      "origins:explosion_p3_b0_f0":{"minecraft:explode":{"power":3,"breaks_blocks":false,"destroy_affected_by_griefing":false,"causes_fire":false,"fire_affected_by_griefing":false,"fuse_length":-1.0,"fuse_lit":true}},
      "origins:explosion_p3_b0_f1":{"minecraft:explode":{"power":3,"breaks_blocks":false,"destroy_affected_by_griefing":false,"causes_fire":true,"fire_affected_by_griefing":false,"fuse_length":-1.0,"fuse_lit":true}},
      "origins:explosion_p3_b0_f2":{"minecraft:explode":{"power":3,"breaks_blocks":false,"destroy_affected_by_griefing":false,"causes_fire":true,"fire_affected_by_griefing":true,"fuse_length":-1.0,"fuse_lit":true}},
      "origins:explosion_p3_b1_f0":{"minecraft:explode":{"power":3,"breaks_blocks":true,"destroy_affected_by_griefing":false,"causes_fire":false,"fire_affected_by_griefing":false,"fuse_length":-1.0,"fuse_lit":true}},
      "origins:explosion_p3_b1_f1":{"minecraft:explode":{"power":3,"breaks_blocks":true,"destroy_affected_by_griefing":false,"causes_fire":true,"fire_affected_by_griefing":false,"fuse_length":-1.0,"fuse_lit":true}},
      "origins:explosion_p3_b1_f2":{"minecraft:explode":{"power":3,"breaks_blocks":true,"destroy_affected_by_griefing":false,"causes_fire":true,"fire_affected_by_griefing":true,"fuse_length":-1.0,"fuse_lit":true}},
      "origins:explosion_p3_b2_f0":{"minecraft:explode":{"power":3,"breaks_blocks":true,"destroy_affected_by_griefing":true,"causes_fire":false,"fire_affected_by_griefing":false,"fuse_length":-1.0,"fuse_lit":true}},
      "origins:explosion_p3_b2_f1":{"minecraft:explode":{"power":3,"breaks_blocks":true,"destroy_affected_by_griefing":true,"causes_fire":true,"fire_affected_by_griefing":false,"fuse_length":-1.0,"fuse_lit":true}},
      "origins:explosion_p3_b2_f2":{"minecraft:explode":{"power":3,"breaks_blocks":true,"destroy_affected_by_griefing":true,"causes_fire":true,"fire_affected_by_griefing":true,"fuse_length":-1.0,"fuse_lit":true}},
      "origins:explosion_p4_b0_f0":{"minecraft:explode":{"power":4,"breaks_blocks":false,"destroy_affected_by_griefing":false,"causes_fire":false,"fire_affected_by_griefing":false,"fuse_length":-1.0,"fuse_lit":true}},
      "origins:explosion_p4_b0_f1":{"minecraft:explode":{"power":4,"breaks_blocks":false,"destroy_affected_by_griefing":false,"causes_fire":true,"fire_affected_by_griefing":false,"fuse_length":-1.0,"fuse_lit":true}},
      "origins:explosion_p4_b0_f2":{"minecraft:explode":{"power":4,"breaks_blocks":false,"destroy_affected_by_griefing":false,"causes_fire":true,"fire_affected_by_griefing":true,"fuse_length":-1.0,"fuse_lit":true}},
      "origins:explosion_p4_b1_f0":{"minecraft:explode":{"power":4,"breaks_blocks":true,"destroy_affected_by_griefing":false,"causes_fire":false,"fire_affected_by_griefing":false,"fuse_length":-1.0,"fuse_lit":true}},
      "origins:explosion_p4_b1_f1":{"minecraft:explode":{"power":4,"breaks_blocks":true,"destroy_affected_by_griefing":false,"causes_fire":true,"fire_affected_by_griefing":false,"fuse_length":-1.0,"fuse_lit":true}},
      "origins:explosion_p4_b1_f2":{"minecraft:explode":{"power":4,"breaks_blocks":true,"destroy_affected_by_griefing":false,"causes_fire":true,"fire_affected_by_griefing":true,"fuse_length":-1.0,"fuse_lit":true}},
      "origins:explosion_p4_b2_f0":{"minecraft:explode":{"power":4,"breaks_blocks":true,"destroy_affected_by_griefing":true,"causes_fire":false,"fire_affected_by_griefing":false,"fuse_length":-1.0,"fuse_lit":true}},
      "origins:explosion_p4_b2_f1":{"minecraft:explode":{"power":4,"breaks_blocks":true,"destroy_affected_by_griefing":true,"causes_fire":true,"fire_affected_by_griefing":false,"fuse_length":-1.0,"fuse_lit":true}},
      "origins:explosion_p4_b2_f2":{"minecraft:explode":{"power":4,"breaks_blocks":true,"destroy_affected_by_griefing":true,"causes_fire":true,"fire_affected_by_griefing":true,"fuse_length":-1.0,"fuse_lit":true}},
      "origins:explosion_p5_b0_f0":{"minecraft:explode":{"power":5,"breaks_blocks":false,"destroy_affected_by_griefing":false,"causes_fire":false,"fire_affected_by_griefing":false,"fuse_length":-1.0,"fuse_lit":true}},
      "origins:explosion_p5_b0_f1":{"minecraft:explode":{"power":5,"breaks_blocks":false,"destroy_affected_by_griefing":false,"causes_fire":true,"fire_affected_by_griefing":false,"fuse_length":-1.0,"fuse_lit":true}},
      "origins:explosion_p5_b0_f2":{"minecraft:explode":{"power":5,"breaks_blocks":false,"destroy_affected_by_griefing":false,"causes_fire":true,"fire_affected_by_griefing":true,"fuse_length":-1.0,"fuse_lit":true}},
      "origins:explosion_p5_b1_f0":{"minecraft:explode":{"power":5,"breaks_blocks":true,"destroy_affected_by_griefing":false,"causes_fire":false,"fire_affected_by_griefing":false,"fuse_length":-1.0,"fuse_lit":true}},
      "origins:explosion_p5_b1_f1":{"minecraft:explode":{"power":5,"breaks_blocks":true,"destroy_affected_by_griefing":false,"causes_fire":true,"fire_affected_by_griefing":false,"fuse_length":-1.0,"fuse_lit":true}},
      "origins:explosion_p5_b1_f2":{"minecraft:explode":{"power":5,"breaks_blocks":true,"destroy_affected_by_griefing":false,"causes_fire":true,"fire_affected_by_griefing":true,"fuse_length":-1.0,"fuse_lit":true}},
      "origins:explosion_p5_b2_f0":{"minecraft:explode":{"power":5,"breaks_blocks":true,"destroy_affected_by_griefing":true,"causes_fire":false,"fire_affected_by_griefing":false,"fuse_length":-1.0,"fuse_lit":true}},
      "origins:explosion_p5_b2_f1":{"minecraft:explode":{"power":5,"breaks_blocks":true,"destroy_affected_by_griefing":true,"causes_fire":true,"fire_affected_by_griefing":false,"fuse_length":-1.0,"fuse_lit":true}},
      "origins:explosion_p5_b2_f2":{"minecraft:explode":{"power":5,"breaks_blocks":true,"destroy_affected_by_griefing":true,"causes_fire":true,"fire_affected_by_griefing":true,"fuse_length":-1.0,"fuse_lit":true}},
      "origins:explosion_p6_b0_f0":{"minecraft:explode":{"power":6,"breaks_blocks":false,"destroy_affected_by_griefing":false,"causes_fire":false,"fire_affected_by_griefing":false,"fuse_length":-1.0,"fuse_lit":true}},
      "origins:explosion_p6_b0_f1":{"minecraft:explode":{"power":6,"breaks_blocks":false,"destroy_affected_by_griefing":false,"causes_fire":true,"fire_affected_by_griefing":false,"fuse_length":-1.0,"fuse_lit":true}},
      "origins:explosion_p6_b0_f2":{"minecraft:explode":{"power":6,"breaks_blocks":false,"destroy_affected_by_griefing":false,"causes_fire":true,"fire_affected_by_griefing":true,"fuse_length":-1.0,"fuse_lit":true}},
      "origins:explosion_p6_b1_f0":{"minecraft:explode":{"power":6,"breaks_blocks":true,"destroy_affected_by_griefing":false,"causes_fire":false,"fire_affected_by_griefing":false,"fuse_length":-1.0,"fuse_lit":true}},
      "origins:explosion_p6_b1_f1":{"minecraft:explode":{"power":6,"breaks_blocks":true,"destroy_affected_by_griefing":false,"causes_fire":true,"fire_affected_by_griefing":false,"fuse_length":-1.0,"fuse_lit":true}},
      "origins:explosion_p6_b1_f2":{"minecraft:explode":{"power":6,"breaks_blocks":true,"destroy_affected_by_griefing":false,"causes_fire":true,"fire_affected_by_griefing":true,"fuse_length":-1.0,"fuse_lit":true}},
      "origins:explosion_p6_b2_f0":{"minecraft:explode":{"power":6,"breaks_blocks":true,"destroy_affected_by_griefing":true,"causes_fire":false,"fire_affected_by_griefing":false,"fuse_length":-1.0,"fuse_lit":true}},
      "origins:explosion_p6_b2_f1":{"minecraft:explode":{"power":6,"breaks_blocks":true,"destroy_affected_by_griefing":true,"causes_fire":true,"fire_affected_by_griefing":false,"fuse_length":-1.0,"fuse_lit":true}},
      "origins:explosion_p6_b2_f2":{"minecraft:explode":{"power":6,"breaks_blocks":true,"destroy_affected_by_griefing":true,"causes_fire":true,"fire_affected_by_griefing":true,"fuse_length":-1.0,"fuse_lit":true}},
      "origins:explosion_p7_b0_f0":{"minecraft:explode":{"power":7,"breaks_blocks":false,"destroy_affected_by_griefing":false,"causes_fire":false,"fire_affected_by_griefing":false,"fuse_length":-1.0,"fuse_lit":true}},
      "origins:explosion_p7_b0_f1":{"minecraft:explode":{"power":7,"breaks_blocks":false,"destroy_affected_by_griefing":false,"causes_fire":true,"fire_affected_by_griefing":false,"fuse_length":-1.0,"fuse_lit":true}},
      "origins:explosion_p7_b0_f2":{"minecraft:explode":{"power":7,"breaks_blocks":false,"destroy_affected_by_griefing":false,"causes_fire":true,"fire_affected_by_griefing":true,"fuse_length":-1.0,"fuse_lit":true}},
      "origins:explosion_p7_b1_f0":{"minecraft:explode":{"power":7,"breaks_blocks":true,"destroy_affected_by_griefing":false,"causes_fire":false,"fire_affected_by_griefing":false,"fuse_length":-1.0,"fuse_lit":true}},
      "origins:explosion_p7_b1_f1":{"minecraft:explode":{"power":7,"breaks_blocks":true,"destroy_affected_by_griefing":false,"causes_fire":true,"fire_affected_by_griefing":false,"fuse_length":-1.0,"fuse_lit":true}},
      "origins:explosion_p7_b1_f2":{"minecraft:explode":{"power":7,"breaks_blocks":true,"destroy_affected_by_griefing":false,"causes_fire":true,"fire_affected_by_griefing":true,"fuse_length":-1.0,"fuse_lit":true}},
      "origins:explosion_p7_b2_f0":{"minecraft:explode":{"power":7,"breaks_blocks":true,"destroy_affected_by_griefing":true,"causes_fire":false,"fire_affected_by_griefing":false,"fuse_length":-1.0,"fuse_lit":true}},
      "origins:explosion_p7_b2_f1":{"minecraft:explode":{"power":7,"breaks_blocks":true,"destroy_affected_by_griefing":true,"causes_fire":true,"fire_affected_by_griefing":false,"fuse_length":-1.0,"fuse_lit":true}},
      "origins:explosion_p7_b2_f2":{"minecraft:explode":{"power":7,"breaks_blocks":true,"destroy_affected_by_griefing":true,"causes_fire":true,"fire_affected_by_griefing":true,"fuse_length":-1.0,"fuse_lit":true}},
      "origins:explosion_p8_b0_f0":{"minecraft:explode":{"power":8,"breaks_blocks":false,"destroy_affected_by_griefing":false,"causes_fire":false,"fire_affected_by_griefing":false,"fuse_length":-1.0,"fuse_lit":true}},
      "origins:explosion_p8_b0_f1":{"minecraft:explode":{"power":8,"breaks_blocks":false,"destroy_affected_by_griefing":false,"causes_fire":true,"fire_affected_by_griefing":false,"fuse_length":-1.0,"fuse_lit":true}},
      "origins:explosion_p8_b0_f2":{"minecraft:explode":{"power":8,"breaks_blocks":false,"destroy_affected_by_griefing":false,"causes_fire":true,"fire_affected_by_griefing":true,"fuse_length":-1.0,"fuse_lit":true}},
      "origins:explosion_p8_b1_f0":{"minecraft:explode":{"power":8,"breaks_blocks":true,"destroy_affected_by_griefing":false,"causes_fire":false,"fire_affected_by_griefing":false,"fuse_length":-1.0,"fuse_lit":true}},
      "origins:explosion_p8_b1_f1":{"minecraft:explode":{"power":8,"breaks_blocks":true,"destroy_affected_by_griefing":false,"causes_fire":true,"fire_affected_by_griefing":false,"fuse_length":-1.0,"fuse_lit":true}},
      "origins:explosion_p8_b1_f2":{"minecraft:explode":{"power":8,"breaks_blocks":true,"destroy_affected_by_griefing":false,"causes_fire":true,"fire_affected_by_griefing":true,"fuse_length":-1.0,"fuse_lit":true}},
      "origins:explosion_p8_b2_f0":{"minecraft:explode":{"power":8,"breaks_blocks":true,"destroy_affected_by_griefing":true,"causes_fire":false,"fire_affected_by_griefing":false,"fuse_length":-1.0,"fuse_lit":true}},
      "origins:explosion_p8_b2_f1":{"minecraft:explode":{"power":8,"breaks_blocks":true,"destroy_affected_by_griefing":true,"causes_fire":true,"fire_affected_by_griefing":false,"fuse_length":-1.0,"fuse_lit":true}},
      "origins:explosion_p8_b2_f2":{"minecraft:explode":{"power":8,"breaks_blocks":true,"destroy_affected_by_griefing":true,"causes_fire":true,"fire_affected_by_griefing":true,"fuse_length":-1.0,"fuse_lit":true}},
      "origins:explosion_p9_b0_f0":{"minecraft:explode":{"power":9,"breaks_blocks":false,"destroy_affected_by_griefing":false,"causes_fire":false,"fire_affected_by_griefing":false,"fuse_length":-1.0,"fuse_lit":true}},
      "origins:explosion_p9_b0_f1":{"minecraft:explode":{"power":9,"breaks_blocks":false,"destroy_affected_by_griefing":false,"causes_fire":true,"fire_affected_by_griefing":false,"fuse_length":-1.0,"fuse_lit":true}},
      "origins:explosion_p9_b0_f2":{"minecraft:explode":{"power":9,"breaks_blocks":false,"destroy_affected_by_griefing":false,"causes_fire":true,"fire_affected_by_griefing":true,"fuse_length":-1.0,"fuse_lit":true}},
      "origins:explosion_p9_b1_f0":{"minecraft:explode":{"power":9,"breaks_blocks":true,"destroy_affected_by_griefing":false,"causes_fire":false,"fire_affected_by_griefing":false,"fuse_length":-1.0,"fuse_lit":true}},
      "origins:explosion_p9_b1_f1":{"minecraft:explode":{"power":9,"breaks_blocks":true,"destroy_affected_by_griefing":false,"causes_fire":true,"fire_affected_by_griefing":false,"fuse_length":-1.0,"fuse_lit":true}},
      "origins:explosion_p9_b1_f2":{"minecraft:explode":{"power":9,"breaks_blocks":true,"destroy_affected_by_griefing":false,"causes_fire":true,"fire_affected_by_griefing":true,"fuse_length":-1.0,"fuse_lit":true}},
      "origins:explosion_p9_b2_f0":{"minecraft:explode":{"power":9,"breaks_blocks":true,"destroy_affected_by_griefing":true,"causes_fire":false,"fire_affected_by_griefing":false,"fuse_length":-1.0,"fuse_lit":true}},
      "origins:explosion_p9_b2_f1":{"minecraft:explode":{"power":9,"breaks_blocks":true,"destroy_affected_by_griefing":true,"causes_fire":true,"fire_affected_by_griefing":false,"fuse_length":-1.0,"fuse_lit":true}},
      "origins:explosion_p9_b2_f2":{"minecraft:explode":{"power":9,"breaks_blocks":true,"destroy_affected_by_griefing":true,"causes_fire":true,"fire_affected_by_griefing":true,"fuse_length":-1.0,"fuse_lit":true}},
      "origins:explosion_p10_b0_f0":{"minecraft:explode":{"power":10,"breaks_blocks":false,"destroy_affected_by_griefing":false,"causes_fire":false,"fire_affected_by_griefing":false,"fuse_length":-1.0,"fuse_lit":true}},
      "origins:explosion_p10_b0_f1":{"minecraft:explode":{"power":10,"breaks_blocks":false,"destroy_affected_by_griefing":false,"causes_fire":true,"fire_affected_by_griefing":false,"fuse_length":-1.0,"fuse_lit":true}},
      "origins:explosion_p10_b0_f2":{"minecraft:explode":{"power":10,"breaks_blocks":false,"destroy_affected_by_griefing":false,"causes_fire":true,"fire_affected_by_griefing":true,"fuse_length":-1.0,"fuse_lit":true}},
      "origins:explosion_p10_b1_f0":{"minecraft:explode":{"power":10,"breaks_blocks":true,"destroy_affected_by_griefing":false,"causes_fire":false,"fire_affected_by_griefing":false,"fuse_length":-1.0,"fuse_lit":true}},
      "origins:explosion_p10_b1_f1":{"minecraft:explode":{"power":10,"breaks_blocks":true,"destroy_affected_by_griefing":false,"causes_fire":true,"fire_affected_by_griefing":false,"fuse_length":-1.0,"fuse_lit":true}},
      "origins:explosion_p10_b1_f2":{"minecraft:explode":{"power":10,"breaks_blocks":true,"destroy_affected_by_griefing":false,"causes_fire":true,"fire_affected_by_griefing":true,"fuse_length":-1.0,"fuse_lit":true}},
      "origins:explosion_p10_b2_f0":{"minecraft:explode":{"power":10,"breaks_blocks":true,"destroy_affected_by_griefing":true,"causes_fire":false,"fire_affected_by_griefing":false,"fuse_length":-1.0,"fuse_lit":true}},
      "origins:explosion_p10_b2_f1":{"minecraft:explode":{"power":10,"breaks_blocks":true,"destroy_affected_by_griefing":true,"causes_fire":true,"fire_affected_by_griefing":false,"fuse_length":-1.0,"fuse_lit":true}},
      "origins:explosion_p10_b2_f2":{"minecraft:explode":{"power":10,"breaks_blocks":true,"destroy_affected_by_griefing":true,"causes_fire":true,"fire_affected_by_griefing":true,"fuse_length":-1.0,"fuse_lit":true}}
    },
    "components": {
      "minecraft:type_family": {
        "family": [
          "origins",
          "ignore"
        ]
      },
      "minecraft:health": {
        "max": 20,
        "value": 20
      },
      "minecraft:damage_sensor": {
        "triggers": [
          {
            "cause": "all",
            "deals_damage": false
          }
        ]
      },
      "minecraft:custom_hit_test": {
        "hitboxes": [
          {
            "pivot": [0, 1000, 0],
            "width": 0,
            "height": 0
          }
        ]
      },
      "minecraft:tick_world": {},
      "minecraft:explode": {
        "power": 1,
        "breaks_blocks": false,
        "destroy_affected_by_griefing": false,
        "causes_fire": false,
        "fire_affected_by_griefing": false,
        "fuse_length": -1.0,
        "fuse_lit": true
      },
      "minecraft:nameable": {
        "allow_name_tag_renaming": false
      },
      "minecraft:physics": {
        "has_collision": false,
        "has_gravity": false
      },
      "minecraft:pushable": {
        "is_pushable": false,
        "is_pushable_by_piston": false
      }
    },
    "events": {
      "origins:explosion_p1_b0_f0":{"add":{"component_groups":["origins:explosion_p1_b0_f0"]}},
      "origins:explosion_p1_b0_f1":{"add":{"component_groups":["origins:explosion_p1_b0_f1"]}},
      "origins:explosion_p1_b0_f2":{"add":{"component_groups":["origins:explosion_p1_b0_f2"]}},
      "origins:explosion_p1_b1_f0":{"add":{"component_groups":["origins:explosion_p1_b1_f0"]}},
      "origins:explosion_p1_b1_f1":{"add":{"component_groups":["origins:explosion_p1_b1_f1"]}},
      "origins:explosion_p1_b1_f2":{"add":{"component_groups":["origins:explosion_p1_b1_f2"]}},
      "origins:explosion_p1_b2_f0":{"add":{"component_groups":["origins:explosion_p1_b2_f0"]}},
      "origins:explosion_p1_b2_f1":{"add":{"component_groups":["origins:explosion_p1_b2_f1"]}},
      "origins:explosion_p1_b2_f2":{"add":{"component_groups":["origins:explosion_p1_b2_f2"]}},
      "origins:explosion_p2_b0_f0":{"add":{"component_groups":["origins:explosion_p2_b0_f0"]}},
      "origins:explosion_p2_b0_f1":{"add":{"component_groups":["origins:explosion_p2_b0_f1"]}},
      "origins:explosion_p2_b0_f2":{"add":{"component_groups":["origins:explosion_p2_b0_f2"]}},
      "origins:explosion_p2_b1_f0":{"add":{"component_groups":["origins:explosion_p2_b1_f0"]}},
      "origins:explosion_p2_b1_f1":{"add":{"component_groups":["origins:explosion_p2_b1_f1"]}},
      "origins:explosion_p2_b1_f2":{"add":{"component_groups":["origins:explosion_p2_b1_f2"]}},
      "origins:explosion_p2_b2_f0":{"add":{"component_groups":["origins:explosion_p2_b2_f0"]}},
      "origins:explosion_p2_b2_f1":{"add":{"component_groups":["origins:explosion_p2_b2_f1"]}},
      "origins:explosion_p2_b2_f2":{"add":{"component_groups":["origins:explosion_p2_b2_f2"]}},
      "origins:explosion_p3_b0_f0":{"add":{"component_groups":["origins:explosion_p3_b0_f0"]}},
      "origins:explosion_p3_b0_f1":{"add":{"component_groups":["origins:explosion_p3_b0_f1"]}},
      "origins:explosion_p3_b0_f2":{"add":{"component_groups":["origins:explosion_p3_b0_f2"]}},
      "origins:explosion_p3_b1_f0":{"add":{"component_groups":["origins:explosion_p3_b1_f0"]}},
      "origins:explosion_p3_b1_f1":{"add":{"component_groups":["origins:explosion_p3_b1_f1"]}},
      "origins:explosion_p3_b1_f2":{"add":{"component_groups":["origins:explosion_p3_b1_f2"]}},
      "origins:explosion_p3_b2_f0":{"add":{"component_groups":["origins:explosion_p3_b2_f0"]}},
      "origins:explosion_p3_b2_f1":{"add":{"component_groups":["origins:explosion_p3_b2_f1"]}},
      "origins:explosion_p3_b2_f2":{"add":{"component_groups":["origins:explosion_p3_b2_f2"]}},
      "origins:explosion_p4_b0_f0":{"add":{"component_groups":["origins:explosion_p4_b0_f0"]}},
      "origins:explosion_p4_b0_f1":{"add":{"component_groups":["origins:explosion_p4_b0_f1"]}},
      "origins:explosion_p4_b0_f2":{"add":{"component_groups":["origins:explosion_p4_b0_f2"]}},
      "origins:explosion_p4_b1_f0":{"add":{"component_groups":["origins:explosion_p4_b1_f0"]}},
      "origins:explosion_p4_b1_f1":{"add":{"component_groups":["origins:explosion_p4_b1_f1"]}},
      "origins:explosion_p4_b1_f2":{"add":{"component_groups":["origins:explosion_p4_b1_f2"]}},
      "origins:explosion_p4_b2_f0":{"add":{"component_groups":["origins:explosion_p4_b2_f0"]}},
      "origins:explosion_p4_b2_f1":{"add":{"component_groups":["origins:explosion_p4_b2_f1"]}},
      "origins:explosion_p4_b2_f2":{"add":{"component_groups":["origins:explosion_p4_b2_f2"]}},
      "origins:explosion_p5_b0_f0":{"add":{"component_groups":["origins:explosion_p5_b0_f0"]}},
      "origins:explosion_p5_b0_f1":{"add":{"component_groups":["origins:explosion_p5_b0_f1"]}},
      "origins:explosion_p5_b0_f2":{"add":{"component_groups":["origins:explosion_p5_b0_f2"]}},
      "origins:explosion_p5_b1_f0":{"add":{"component_groups":["origins:explosion_p5_b1_f0"]}},
      "origins:explosion_p5_b1_f1":{"add":{"component_groups":["origins:explosion_p5_b1_f1"]}},
      "origins:explosion_p5_b1_f2":{"add":{"component_groups":["origins:explosion_p5_b1_f2"]}},
      "origins:explosion_p5_b2_f0":{"add":{"component_groups":["origins:explosion_p5_b2_f0"]}},
      "origins:explosion_p5_b2_f1":{"add":{"component_groups":["origins:explosion_p5_b2_f1"]}},
      "origins:explosion_p5_b2_f2":{"add":{"component_groups":["origins:explosion_p5_b2_f2"]}},
      "origins:explosion_p6_b0_f0":{"add":{"component_groups":["origins:explosion_p6_b0_f0"]}},
      "origins:explosion_p6_b0_f1":{"add":{"component_groups":["origins:explosion_p6_b0_f1"]}},
      "origins:explosion_p6_b0_f2":{"add":{"component_groups":["origins:explosion_p6_b0_f2"]}},
      "origins:explosion_p6_b1_f0":{"add":{"component_groups":["origins:explosion_p6_b1_f0"]}},
      "origins:explosion_p6_b1_f1":{"add":{"component_groups":["origins:explosion_p6_b1_f1"]}},
      "origins:explosion_p6_b1_f2":{"add":{"component_groups":["origins:explosion_p6_b1_f2"]}},
      "origins:explosion_p6_b2_f0":{"add":{"component_groups":["origins:explosion_p6_b2_f0"]}},
      "origins:explosion_p6_b2_f1":{"add":{"component_groups":["origins:explosion_p6_b2_f1"]}},
      "origins:explosion_p6_b2_f2":{"add":{"component_groups":["origins:explosion_p6_b2_f2"]}},
      "origins:explosion_p7_b0_f0":{"add":{"component_groups":["origins:explosion_p7_b0_f0"]}},
      "origins:explosion_p7_b0_f1":{"add":{"component_groups":["origins:explosion_p7_b0_f1"]}},
      "origins:explosion_p7_b0_f2":{"add":{"component_groups":["origins:explosion_p7_b0_f2"]}},
      "origins:explosion_p7_b1_f0":{"add":{"component_groups":["origins:explosion_p7_b1_f0"]}},
      "origins:explosion_p7_b1_f1":{"add":{"component_groups":["origins:explosion_p7_b1_f1"]}},
      "origins:explosion_p7_b1_f2":{"add":{"component_groups":["origins:explosion_p7_b1_f2"]}},
      "origins:explosion_p7_b2_f0":{"add":{"component_groups":["origins:explosion_p7_b2_f0"]}},
      "origins:explosion_p7_b2_f1":{"add":{"component_groups":["origins:explosion_p7_b2_f1"]}},
      "origins:explosion_p7_b2_f2":{"add":{"component_groups":["origins:explosion_p7_b2_f2"]}},
      "origins:explosion_p8_b0_f0":{"add":{"component_groups":["origins:explosion_p8_b0_f0"]}},
      "origins:explosion_p8_b0_f1":{"add":{"component_groups":["origins:explosion_p8_b0_f1"]}},
      "origins:explosion_p8_b0_f2":{"add":{"component_groups":["origins:explosion_p8_b0_f2"]}},
      "origins:explosion_p8_b1_f0":{"add":{"component_groups":["origins:explosion_p8_b1_f0"]}},
      "origins:explosion_p8_b1_f1":{"add":{"component_groups":["origins:explosion_p8_b1_f1"]}},
      "origins:explosion_p8_b1_f2":{"add":{"component_groups":["origins:explosion_p8_b1_f2"]}},
      "origins:explosion_p8_b2_f0":{"add":{"component_groups":["origins:explosion_p8_b2_f0"]}},
      "origins:explosion_p8_b2_f1":{"add":{"component_groups":["origins:explosion_p8_b2_f1"]}},
      "origins:explosion_p8_b2_f2":{"add":{"component_groups":["origins:explosion_p8_b2_f2"]}},
      "origins:explosion_p9_b0_f0":{"add":{"component_groups":["origins:explosion_p9_b0_f0"]}},
      "origins:explosion_p9_b0_f1":{"add":{"component_groups":["origins:explosion_p9_b0_f1"]}},
      "origins:explosion_p9_b0_f2":{"add":{"component_groups":["origins:explosion_p9_b0_f2"]}},
      "origins:explosion_p9_b1_f0":{"add":{"component_groups":["origins:explosion_p9_b1_f0"]}},
      "origins:explosion_p9_b1_f1":{"add":{"component_groups":["origins:explosion_p9_b1_f1"]}},
      "origins:explosion_p9_b1_f2":{"add":{"component_groups":["origins:explosion_p9_b1_f2"]}},
      "origins:explosion_p9_b2_f0":{"add":{"component_groups":["origins:explosion_p9_b2_f0"]}},
      "origins:explosion_p9_b2_f1":{"add":{"component_groups":["origins:explosion_p9_b2_f1"]}},
      "origins:explosion_p9_b2_f2":{"add":{"component_groups":["origins:explosion_p9_b2_f2"]}},
      "origins:explosion_p10_b0_f0":{"add":{"component_groups":["origins:explosion_p10_b0_f0"]}},
      "origins:explosion_p10_b0_f1":{"add":{"component_groups":["origins:explosion_p10_b0_f1"]}},
      "origins:explosion_p10_b0_f2":{"add":{"component_groups":["origins:explosion_p10_b0_f2"]}},
      "origins:explosion_p10_b1_f0":{"add":{"component_groups":["origins:explosion_p10_b1_f0"]}},
      "origins:explosion_p10_b1_f1":{"add":{"component_groups":["origins:explosion_p10_b1_f1"]}},
      "origins:explosion_p10_b1_f2":{"add":{"component_groups":["origins:explosion_p10_b1_f2"]}},
      "origins:explosion_p10_b2_f0":{"add":{"component_groups":["origins:explosion_p10_b2_f0"]}},
      "origins:explosion_p10_b2_f1":{"add":{"component_groups":["origins:explosion_p10_b2_f1"]}},
      "origins:explosion_p10_b2_f2":{"add":{"component_groups":["origins:explosion_p10_b2_f2"]}}
    }
  }
}