{
  "format_version": "1.17.0",
  "minecraft:entity": {
    "description": {
      "identifier": "origins:extra_inventory",
      "is_spawnable": false,
      "is_summonable": true,
      "is_experimental": false
    },
    "components":{
      "minecraft:type_family": {
        "family": [
          "origins",
          "ignore"
        ]
      },
      "minecraft:health": {
        "value": 20,
        "max": 20
      },
      "minecraft:damage_sensor": {
        "triggers": [
          {
            "cause": "all",
            "deals_damage": false
          }
        ]
      },
      "minecraft:collision_box": {
        "width": 0.05,
        "height": 0.025
      },
      "minecraft:tick_world": {},
      "minecraft:inventory": {
        "container_type": "minecart_chest",
        "inventory_size": 27
      },
      "minecraft:physics": {
        "has_collision": false,
        "has_gravity": false
      },
      "minecraft:pushable": {
        "is_pushable": false,
        "is_pushable_by_piston": false
      }
    }
  }
}