{
  "format_version": "1.16.100",
  "minecraft:item": {
    "description": {
      "identifier": "origins:modified_enchanted_golden_apple",
      "category": "items"
    },
    "components": {
      "minecraft:icon": {
        "texture": "apple_golden"
      },
      "minecraft:creative_category": {
        "parent": "itemGroup.name.items"
      },
      "minecraft:foil": true,
      "minecraft:use_duration": 1.6,
      "minecraft:food": {
        "nutrition": 4,
        "saturation_modifier": "supernatural",
        "can_always_eat": true,
        "on_consume": {
          "event": "on_consume",
          "target": "self"
        }
      },
      "minecraft:use_animation": "eat"
    },
    "events": {
      "on_consume": {
        "sequence": [
          {
            "run_command": {
              "command": [
                "tag @s add origins:ate_food",
                "tag @s add origins:ate_enchanted_golden_apple"
              ],
              "target": "holder"
            }
          },
          {
            "add_mob_effect": {
              "effect": "regeneration",
              "target": "holder",
              "duration": 30,
              "amplifier": 4
            }
          },
          {
            "add_mob_effect": {
              "effect": "absorption",
              "target": "holder",
              "duration": 120,
              "amplifier": 3
            }
          },
          {
            "add_mob_effect": {
              "effect": "resistance",
              "target": "holder",
              "duration": 300,
              "amplifier": 0
            }
          },
          {
            "add_mob_effect": {
              "effect": "fire_resistance",
              "target": "holder",
              "duration": 300,
              "amplifier": 0
            }
          }
        ]
      }
    }
  }
}