{
  "format_version": "1.16.100",
  "minecraft:item": {
    "description": {
      "identifier": "origins:modified_chorus_fruit",
      "category": "items"
    },
    "components": {
      "minecraft:icon": {
        "texture": "chorus_fruit"
      },
      "minecraft:creative_category": {
        "parent": "itemGroup.name.items"
      },
      "minecraft:use_duration": 1.6,
      "minecraft:food": {
        "nutrition": 4,
        "saturation_modifier": "low",
        "can_always_eat": true,
        "on_consume": {
          "event": "on_consume",
          "target": "self"
        }
      },
      "minecraft:cooldown": {
        "category": "chorusfruit",
        "duration": 2.6
      },
      "minecraft:use_animation": "eat"
    },
    "events": {
      "on_consume": {
        "sequence": [
          {
            "run_command": {
              "command": [
                "tag @s add origins:ate_food",
                "tag @s add origins:ate_chorus_fruit"
              ],
              "target": "holder"
            }
          },
          {
            "teleport": {
              "target": "holder",
              "max_range": [8, 8, 8]
            }
          }
        ]
      }
    }
  }
}