{
  "format_version": "1.16.100",
  "minecraft:item": {
    "description": {
      "identifier": "origins:modified_pufferfish",
      "category": "items"
    },
    "components": {
      "minecraft:icon": {
        "texture": "pufferfish"
      },
      "minecraft:creative_category": {
        "parent": "itemGroup.name.items"
      },
      "minecraft:use_duration": 1.6,
      "minecraft:food": {
        "nutrition": 1,
        "saturation_modifier": "poor",
        "on_consume": {
          "event": "on_consume",
          "target": "self"
        }
      },
      "minecraft:use_animation": "eat"
    },
    "events": {
      "on_consume": {
        "sequence": [
          {
            "run_command": {
              "command": [
                "tag @s add origins:ate_food",
                "tag @s add origins:ate_pufferfish"
              ],
              "target": "holder"
            }
          },
          {
            "add_mob_effect": {
              "effect": "poison",
              "target": "holder",
              "duration": 60,
              "amplifier": 3
            }
          },
          {
            "add_mob_effect": {
              "effect": "nausea",
              "target": "holder",
              "duration": 15,
              "amplifier": 1
            }
          },
          {
            "add_mob_effect": {
              "effect": "hunger",
              "target": "holder",
              "duration": 15,
              "amplifier": 2
            }
          }
        ]
      }
    }
  }
}