{
  "format_version": "1.16.100",
  "minecraft:item": {
    "description": {
      "identifier": "origins:modified_rabbit",
      "category": "items"
    },
    "components": {
      "minecraft:icon": {
        "texture": "rabbit"
      },
      "minecraft:creative_category": {
        "parent": "itemGroup.name.items"
      },
      "minecraft:use_duration": 1.6,
      "minecraft:food": {
        "nutrition": 3,
        "saturation_modifier": "low",
        "on_consume": {
          "event": "on_consume",
          "target": "self"
        }
      },
      "minecraft:use_animation": "eat"
    },
    "events": {
      "on_consume": {
        "run_command": {
          "command": [
            "tag @s add origins:ate_food",
            "tag @s add origins:ate_rabbit"
          ],
          "target": "holder"
        }
      }
    }
  }
}