{
  "format_version": "1.16.100",
  "minecraft:item": {
    "description": {
      "identifier": "origins:modified_poisonous_potato",
      "category": "items"
    },
    "components": {
      "minecraft:icon": {
        "texture": "potato_poisonous"
      },
      "minecraft:creative_category": {
        "parent": "itemGroup.name.items"
      },
      "minecraft:use_duration": 1.6,
      "minecraft:food": {
        "nutrition": 2,
        "saturation_modifier": "low",
        "on_consume": {
          "event": "on_consume",
          "target": "self"
        }
      },
      "minecraft:use_animation": "eat"
    },
    "events": {
      "on_consume": {
        "sequence": [
          {
            "run_command": {
              "command": [
                "tag @s add origins:ate_food",
                "tag @s add origins:ate_poisonous_potato"
              ],
              "target": "holder"
            }
          },
          {
            "randomize": [
              {
                "weight": 6,
                "add_mob_effect": {
                  "effect": "poison",
                  "target": "holder",
                  "duration": 5,
                  "amplifier": 0
                }
              },
              {
                "weight": 4
              }
            ]
          }
        ]
      }
    }
  }
}