{
  "format_version": "1.16.100",
  "minecraft:item": {
    "description": {
      "identifier": "origins:modified_honey_bottle",
      "category": "items"
    },
    "components": {
      "minecraft:icon": {
        "texture": "honey_bottle"
      },
      "minecraft:creative_category": {
        "parent": "itemGroup.name.items"
      },
      "minecraft:max_stack_size": 16,
      "minecraft:use_duration": 2,
      "minecraft:food": {
        "nutrition": 6,
        "saturation_modifier": "poor",
        "can_always_eat": true,
        "using_converts_to": "minecraft:bottle",
        "on_consume": {
          "event": "on_consume",
          "target": "self"
        }
      },
      "minecraft:use_animation": "drink"
    },
    "events": {
      "on_consume": {
        "sequence": [
          {
            "run_command": {
              "command": [
                "tag @s add origins:ate_food",
                "tag @s add origins:ate_honey_bottle"
              ],
              "target": "holder"
            }
          },
          {
            "remove_mob_effect": {
              "effect": "poison",
              "target": "holder"
            }
          }
        ]
      }
    }
  }
}