{
  "format_version": "1.17",
  "minecraft:npc_dialogue": {
    "scenes": [
      {
        "buttons": [
          {
            "commands": [
              "/scoreboard players remove @initiator origin:selectid 1",
              "/execute @initiator ~~~ /function origins/main/update_selectid",
              "/tag @initiator add origins:display_selection_ui"
            ],
            "name": "<"
          },
          {
            "commands": [
              "/execute @initiator ~~~ /function origins/main/random_select"
            ],
            "name": "Select"
          },
          {
            "commands": [
              "/scoreboard players add @initiator origin:selectid 1",
              "/execute @initiator ~~~ /function origins/main/update_selectid",
              "/tag @initiator add origins:display_selection_ui"
            ],
            "name": ">"
          }
        ],
        "npc_name": "§r",
        "scene_tag": "origins_random",
        "text": "origins:random"
      },
      {
        "buttons": [
          {
            "commands": [
              "/scoreboard players remove @initiator origin:selectid 1",
              "/execute @initiator ~~~ /function origins/main/update_selectid",
              "/tag @initiator add origins:display_selection_ui"
            ],
            "name": "<"
          },
          {
            "commands": [
              "/execute @initiator ~~~ /function origins/base/origin/human/select"
            ],
            "name": "Select"
          },
          {
            "commands": [
              "/scoreboard players add @initiator origin:selectid 1",
              "/execute @initiator ~~~ /function origins/main/update_selectid",
              "/tag @initiator add origins:display_selection_ui"
            ],
            "name": ">"
          }
        ],
        "npc_name": "§r",
        "scene_tag": "origins_base_human",
        "text": "origins:base.human"
      },
      {
        "buttons": [
          {
            "commands": [
              "/scoreboard players remove @initiator origin:selectid 1",
              "/execute @initiator ~~~ /function origins/main/update_selectid",
              "/tag @initiator add origins:display_selection_ui"
            ],
            "name": "<"
          },
          {
            "commands": [
              "/scoreboard players add @initiator origin:selectid 1",
              "/execute @initiator ~~~ /function origins/main/update_selectid",
              "/tag @initiator add origins:display_selection_ui"
            ],
            "name": ">"
          }
        ],
        "npc_name": "§r",
        "scene_tag": "origins_base_human_locked",
        "text": "origins:base.human.locked"
      },
      {
        "buttons": [
          {
            "commands": [],
            "name": "Close"
          }
        ],
        "npc_name": "§r",
        "scene_tag": "origins_base_human_view",
        "text": "origins:base.human.view"
      },
      {
        "buttons": [
          {
            "commands": [
              "/scoreboard players remove @initiator origin:selectid 1",
              "/execute @initiator ~~~ /function origins/main/update_selectid",
              "/tag @initiator add origins:display_selection_ui"
            ],
            "name": "<"
          },
          {
            "commands": [
              "/execute @initiator ~~~ /function origins/base/origin/avian/select"
            ],
            "name": "Select"
          },
          {
            "commands": [
              "/scoreboard players add @initiator origin:selectid 1",
              "/execute @initiator ~~~ /function origins/main/update_selectid",
              "/tag @initiator add origins:display_selection_ui"
            ],
            "name": ">"
          }
        ],
        "npc_name": "§r",
        "scene_tag": "origins_base_avian",
        "text": "origins:base.avian"
      },
      {
        "buttons": [
          {
            "commands": [
              "/scoreboard players remove @initiator origin:selectid 1",
              "/execute @initiator ~~~ /function origins/main/update_selectid",
              "/tag @initiator add origins:display_selection_ui"
            ],
            "name": "<"
          },
          {
            "commands": [
              "/scoreboard players add @initiator origin:selectid 1",
              "/execute @initiator ~~~ /function origins/main/update_selectid",
              "/tag @initiator add origins:display_selection_ui"
            ],
            "name": ">"
          }
        ],
        "npc_name": "§r",
        "scene_tag": "origins_base_avian_locked",
        "text": "origins:base.avian.locked"
      },
      {
        "buttons": [
          {
            "commands": [],
            "name": "Close"
          }
        ],
        "npc_name": "§r",
        "scene_tag": "origins_base_avian_view",
        "text": "origins:base.avian.view"
      },
      {
        "buttons": [
          {
            "commands": [
              "/scoreboard players remove @initiator origin:selectid 1",
              "/execute @initiator ~~~ /function origins/main/update_selectid",
              "/tag @initiator add origins:display_selection_ui"
            ],
            "name": "<"
          },
          {
            "commands": [
              "/execute @initiator ~~~ /function origins/base/origin/arachnid/select"
            ],
            "name": "Select"
          },
          {
            "commands": [
              "/scoreboard players add @initiator origin:selectid 1",
              "/execute @initiator ~~~ /function origins/main/update_selectid",
              "/tag @initiator add origins:display_selection_ui"
            ],
            "name": ">"
          }
        ],
        "npc_name": "§r",
        "scene_tag": "origins_base_arachnid",
        "text": "origins:base.arachnid"
      },
      {
        "buttons": [
          {
            "commands": [
              "/scoreboard players remove @initiator origin:selectid 1",
              "/execute @initiator ~~~ /function origins/main/update_selectid",
              "/tag @initiator add origins:display_selection_ui"
            ],
            "name": "<"
          },
          {
            "commands": [
              "/scoreboard players add @initiator origin:selectid 1",
              "/execute @initiator ~~~ /function origins/main/update_selectid",
              "/tag @initiator add origins:display_selection_ui"
            ],
            "name": ">"
          }
        ],
        "npc_name": "§r",
        "scene_tag": "origins_base_arachnid_locked",
        "text": "origins:base.arachnid.locked"
      },
      {
        "buttons": [
          {
            "commands": [],
            "name": "Close"
          }
        ],
        "npc_name": "§r",
        "scene_tag": "origins_base_arachnid_view",
        "text": "origins:base.arachnid.view"
      },
      {
        "buttons": [
          {
            "commands": [
              "/scoreboard players remove @initiator origin:selectid 1",
              "/execute @initiator ~~~ /function origins/main/update_selectid",
              "/tag @initiator add origins:display_selection_ui"
            ],
            "name": "<"
          },
          {
            "commands": [
              "/execute @initiator ~~~ /function origins/base/origin/elytrian/select"
            ],
            "name": "Select"
          },
          {
            "commands": [
              "/scoreboard players add @initiator origin:selectid 1",
              "/execute @initiator ~~~ /function origins/main/update_selectid",
              "/tag @initiator add origins:display_selection_ui"
            ],
            "name": ">"
          }
        ],
        "npc_name": "§r",
        "scene_tag": "origins_base_elytrian",
        "text": "origins:base.elytrian"
      },
      {
        "buttons": [
          {
            "commands": [
              "/scoreboard players remove @initiator origin:selectid 1",
              "/execute @initiator ~~~ /function origins/main/update_selectid",
              "/tag @initiator add origins:display_selection_ui"
            ],
            "name": "<"
          },
          {
            "commands": [
              "/scoreboard players add @initiator origin:selectid 1",
              "/execute @initiator ~~~ /function origins/main/update_selectid",
              "/tag @initiator add origins:display_selection_ui"
            ],
            "name": ">"
          }
        ],
        "npc_name": "§r",
        "scene_tag": "origins_base_elytrian_locked",
        "text": "origins:base.elytrian.locked"
      },
      {
        "buttons": [
          {
            "commands": [],
            "name": "Close"
          }
        ],
        "npc_name": "§r",
        "scene_tag": "origins_base_elytrian_view",
        "text": "origins:base.elytrian.view"
      },
      {
        "buttons": [
          {
            "commands": [
              "/scoreboard players remove @initiator origin:selectid 1",
              "/execute @initiator ~~~ /function origins/main/update_selectid",
              "/tag @initiator add origins:display_selection_ui"
            ],
            "name": "<"
          },
          {
            "commands": [
              "/execute @initiator ~~~ /function origins/base/origin/shulk/select"
            ],
            "name": "Select"
          },
          {
            "commands": [
              "/scoreboard players add @initiator origin:selectid 1",
              "/execute @initiator ~~~ /function origins/main/update_selectid",
              "/tag @initiator add origins:display_selection_ui"
            ],
            "name": ">"
          }
        ],
        "npc_name": "§r",
        "scene_tag": "origins_base_shulk",
        "text": "origins:base.shulk"
      },
      {
        "buttons": [
          {
            "commands": [
              "/scoreboard players remove @initiator origin:selectid 1",
              "/execute @initiator ~~~ /function origins/main/update_selectid",
              "/tag @initiator add origins:display_selection_ui"
            ],
            "name": "<"
          },
          {
            "commands": [
              "/scoreboard players add @initiator origin:selectid 1",
              "/execute @initiator ~~~ /function origins/main/update_selectid",
              "/tag @initiator add origins:display_selection_ui"
            ],
            "name": ">"
          }
        ],
        "npc_name": "§r",
        "scene_tag": "origins_base_shulk_locked",
        "text": "origins:base.shulk.locked"
      },
      {
        "buttons": [
          {
            "commands": [],
            "name": "Close"
          }
        ],
        "npc_name": "§r",
        "scene_tag": "origins_base_shulk_view",
        "text": "origins:base.shulk.view"
      },
      {
        "buttons": [
          {
            "commands": [
              "/scoreboard players remove @initiator origin:selectid 1",
              "/execute @initiator ~~~ /function origins/main/update_selectid",
              "/tag @initiator add origins:display_selection_ui"
            ],
            "name": "<"
          },
          {
            "commands": [
              "/execute @initiator ~~~ /function origins/base/origin/feline/select"
            ],
            "name": "Select"
          },
          {
            "commands": [
              "/scoreboard players add @initiator origin:selectid 1",
              "/execute @initiator ~~~ /function origins/main/update_selectid",
              "/tag @initiator add origins:display_selection_ui"
            ],
            "name": ">"
          }
        ],
        "npc_name": "§r",
        "scene_tag": "origins_base_feline",
        "text": "origins:base.feline"
      },
      {
        "buttons": [
          {
            "commands": [
              "/scoreboard players remove @initiator origin:selectid 1",
              "/execute @initiator ~~~ /function origins/main/update_selectid",
              "/tag @initiator add origins:display_selection_ui"
            ],
            "name": "<"
          },
          {
            "commands": [
              "/scoreboard players add @initiator origin:selectid 1",
              "/execute @initiator ~~~ /function origins/main/update_selectid",
              "/tag @initiator add origins:display_selection_ui"
            ],
            "name": ">"
          }
        ],
        "npc_name": "§r",
        "scene_tag": "origins_base_feline_locked",
        "text": "origins:base.feline.locked"
      },
      {
        "buttons": [
          {
            "commands": [],
            "name": "Close"
          }
        ],
        "npc_name": "§r",
        "scene_tag": "origins_base_feline_view",
        "text": "origins:base.feline.view"
      },
      {
        "buttons": [
          {
            "commands": [
              "/scoreboard players remove @initiator origin:selectid 1",
              "/execute @initiator ~~~ /function origins/main/update_selectid",
              "/tag @initiator add origins:display_selection_ui"
            ],
            "name": "<"
          },
          {
            "commands": [
              "/execute @initiator ~~~ /function origins/base/origin/enderian/select"
            ],
            "name": "Select"
          },
          {
            "commands": [
              "/scoreboard players add @initiator origin:selectid 1",
              "/execute @initiator ~~~ /function origins/main/update_selectid",
              "/tag @initiator add origins:display_selection_ui"
            ],
            "name": ">"
          }
        ],
        "npc_name": "§r",
        "scene_tag": "origins_base_enderian",
        "text": "origins:base.enderian"
      },
      {
        "buttons": [
          {
            "commands": [
              "/scoreboard players remove @initiator origin:selectid 1",
              "/execute @initiator ~~~ /function origins/main/update_selectid",
              "/tag @initiator add origins:display_selection_ui"
            ],
            "name": "<"
          },
          {
            "commands": [
              "/scoreboard players add @initiator origin:selectid 1",
              "/execute @initiator ~~~ /function origins/main/update_selectid",
              "/tag @initiator add origins:display_selection_ui"
            ],
            "name": ">"
          }
        ],
        "npc_name": "§r",
        "scene_tag": "origins_base_enderian_locked",
        "text": "origins:base.enderian.locked"
      },
      {
        "buttons": [
          {
            "commands": [],
            "name": "Close"
          }
        ],
        "npc_name": "§r",
        "scene_tag": "origins_base_enderian_view",
        "text": "origins:base.enderian.view"
      },
      {
        "buttons": [
          {
            "commands": [
              "/scoreboard players remove @initiator origin:selectid 1",
              "/execute @initiator ~~~ /function origins/main/update_selectid",
              "/tag @initiator add origins:display_selection_ui"
            ],
            "name": "<"
          },
          {
            "commands": [
              "/execute @initiator ~~~ /function origins/base/origin/merling/select"
            ],
            "name": "Select"
          },
          {
            "commands": [
              "/scoreboard players add @initiator origin:selectid 1",
              "/execute @initiator ~~~ /function origins/main/update_selectid",
              "/tag @initiator add origins:display_selection_ui"
            ],
            "name": ">"
          }
        ],
        "npc_name": "§r",
        "scene_tag": "origins_base_merling",
        "text": "origins:base.merling"
      },
      {
        "buttons": [
          {
            "commands": [
              "/scoreboard players remove @initiator origin:selectid 1",
              "/execute @initiator ~~~ /function origins/main/update_selectid",
              "/tag @initiator add origins:display_selection_ui"
            ],
            "name": "<"
          },
          {
            "commands": [
              "/scoreboard players add @initiator origin:selectid 1",
              "/execute @initiator ~~~ /function origins/main/update_selectid",
              "/tag @initiator add origins:display_selection_ui"
            ],
            "name": ">"
          }
        ],
        "npc_name": "§r",
        "scene_tag": "origins_base_merling_locked",
        "text": "origins:base.merling.locked"
      },
      {
        "buttons": [
          {
            "commands": [],
            "name": "Close"
          }
        ],
        "npc_name": "§r",
        "scene_tag": "origins_base_merling_view",
        "text": "origins:base.merling.view"
      },
      {
        "buttons": [
          {
            "commands": [
              "/scoreboard players remove @initiator origin:selectid 1",
              "/execute @initiator ~~~ /function origins/main/update_selectid",
              "/tag @initiator add origins:display_selection_ui"
            ],
            "name": "<"
          },
          {
            "commands": [
              "/execute @initiator ~~~ /function origins/base/origin/blazeborn/select"
            ],
            "name": "Select"
          },
          {
            "commands": [
              "/scoreboard players add @initiator origin:selectid 1",
              "/execute @initiator ~~~ /function origins/main/update_selectid",
              "/tag @initiator add origins:display_selection_ui"
            ],
            "name": ">"
          }
        ],
        "npc_name": "§r",
        "scene_tag": "origins_base_blazeborn",
        "text": "origins:base.blazeborn"
      },
      {
        "buttons": [
          {
            "commands": [
              "/scoreboard players remove @initiator origin:selectid 1",
              "/execute @initiator ~~~ /function origins/main/update_selectid",
              "/tag @initiator add origins:display_selection_ui"
            ],
            "name": "<"
          },
          {
            "commands": [
              "/scoreboard players add @initiator origin:selectid 1",
              "/execute @initiator ~~~ /function origins/main/update_selectid",
              "/tag @initiator add origins:display_selection_ui"
            ],
            "name": ">"
          }
        ],
        "npc_name": "§r",
        "scene_tag": "origins_base_blazeborn_locked",
        "text": "origins:base.blazeborn.locked"
      },
      {
        "buttons": [
          {
            "commands": [],
            "name": "Close"
          }
        ],
        "npc_name": "§r",
        "scene_tag": "origins_base_blazeborn_view",
        "text": "origins:base.blazeborn.view"
      },
      {
        "buttons": [
          {
            "commands": [
              "/scoreboard players remove @initiator origin:selectid 1",
              "/execute @initiator ~~~ /function origins/main/update_selectid",
              "/tag @initiator add origins:display_selection_ui"
            ],
            "name": "<"
          },
          {
            "commands": [
              "/execute @initiator ~~~ /function origins/base/origin/phantom/select"
            ],
            "name": "Select"
          },
          {
            "commands": [
              "/scoreboard players add @initiator origin:selectid 1",
              "/execute @initiator ~~~ /function origins/main/update_selectid",
              "/tag @initiator add origins:display_selection_ui"
            ],
            "name": ">"
          }
        ],
        "npc_name": "§r",
        "scene_tag": "origins_base_phantom",
        "text": "origins:base.phantom"
      },
      {
        "buttons": [
          {
            "commands": [
              "/scoreboard players remove @initiator origin:selectid 1",
              "/execute @initiator ~~~ /function origins/main/update_selectid",
              "/tag @initiator add origins:display_selection_ui"
            ],
            "name": "<"
          },
          {
            "commands": [
              "/scoreboard players add @initiator origin:selectid 1",
              "/execute @initiator ~~~ /function origins/main/update_selectid",
              "/tag @initiator add origins:display_selection_ui"
            ],
            "name": ">"
          }
        ],
        "npc_name": "§r",
        "scene_tag": "origins_base_phantom_locked",
        "text": "origins:base.phantom.locked"
      },
      {
        "buttons": [
          {
            "commands": [],
            "name": "Close"
          }
        ],
        "npc_name": "§r",
        "scene_tag": "origins_base_phantom_view",
        "text": "origins:base.phantom.view"
      }
    ]
  }
}